[{"model": "main.factset", "pk": 1, "fields": {"facts": {"Type": "Basic/Reversed", "Target": "pão", "Gloss": "bread"}, "name": "testing", "schema": 1}}, {"model": "main.factset", "pk": 2, "fields": {"facts": {"Type": "Basic/Reversed", "Target": "cão", "Gloss": "dog"}, "name": "testing", "schema": 1}}, {"model": "main.factset", "pk": 3, "fields": {"facts": {"Type": "Basic/Reversed", "Target": "casa", "Gloss": "house"}, "name": "testing", "schema": 1}}, {"model": "main.factset", "pk": 4, "fields": {"facts": {"Type": "Basic/Reversed", "Target": "fogo", "Gloss": "fire"}, "name": "testing", "schema": 1}}, {"model": "main.factset", "pk": 5, "fields": {"facts": {"Type": "Basic/Reversed", "Target": "água", "Gloss": "water"}, "name": "testing", "schema": 1}}, {"model": "main.factset", "pk": 6, "fields": {"facts": {"Type": "Basic/Reversed", "Target": "terra", "Gloss": "earth"}, "name": "testing", "schema": 1}}, {"model": "main.factset", "pk": 7, "fields": {"facts": {"Type": "Basic/Reversed", "Target": "caminhar", "Gloss": "to walk"}, "name": "testing", "schema": 1}}, {"model": "main.factset", "pk": 8, "fields": {"facts": {"Type": "Chinese", "Target": "刀", "Pinyin": "dāo", "Gloss": "knife; blade"}, "name": "testing", "schema": 1}}, {"model": "main.factset", "pk": 9, "fields": {"facts": {"Type": "Chinese", "Target": "雨", "Pinyin": "yǔ", "Gloss": "rain"}, "name": "testing", "schema": 1}}, {"model": "main.factset", "pk": 10, "fields": {"facts": {"Type": "Chinese", "Target": "雪", "Pinyin": "xuě", "Gloss": "snow"}, "name": "testing", "schema": 1}}, {"model": "main.factset", "pk": 11, "fields": {"facts": {"Type": "Chinese", "Target": "风", "Pinyin": "fēng", "Gloss": "wind"}, "name": "testing", "schema": 1}}, {"model": "main.factset", "pk": 12, "fields": {"facts": {"Type": "Chinese", "Target": "云", "Pinyin": "yún", "Gloss": "cloud"}, "name": "testing", "schema": 1}}, {"model": "main.factset", "pk": 13, "fields": {"facts": {"Type": "Chinese", "Target": "月", "Pinyin": "yuè", "Gloss": "moon"}, "name": "testing", "schema": 1}}, {"model": "main.factset", "pk": 14, "fields": {"facts": {"Type": "Chinese", "Target": "日", "Pinyin": "rì", "Gloss": "sun"}, "name": "testing", "schema": 1}}, {"model": "main.factsetschema", "pk": 1, "fields": {"schema": ["Target", "Gloss"], "name": "Sample"}}, {"model": "main.template", "pk": 1, "fields": {"name": "Template", "front": "{{Target}}\n", "back": "{{Target}}\n<hr>\n{{Gloss}}\n", "schema": 1, "default": true}}, {"model": "main.template", "pk": 2, "fields": {"name": "Template", "front": "{{Target}}\n", "back": "{{Gloss}}\n<hr>\n{{Target}}\n", "schema": 1, "default": true}}, {"model": "main.template", "pk": 3, "fields": {"name": "Template", "front": "<b>Meaning</b> of {{Target}}\n", "back": "<b>Meaning</b> of {{Target}}\n<hr>\n{{Gloss}}\n", "schema": 1, "default": true}}, {"model": "main.template", "pk": 4, "fields": {"name": "Template", "front": "<b>Pronunciation</b> of {{Target}}", "back": "<b>Pronunciation</b> of {{Target}}\n<hr>\n{{Pinyin}}\n", "schema": 1, "default": true}}, {"model": "main.template", "pk": 5, "fields": {"name": "Template", "front": "{{Gloss}}\n", "back": "{{Gloss}}\n<hr>\n{{Target}}\n<br>\n<span style=\"font-size: 10px;\">{{Pinyin}}</span>\n", "schema": 1, "default": true}}, {"model": "main.card", "pk": 1, "fields": {"fact_set": 1, "template": 1}}, {"model": "main.card", "pk": 2, "fields": {"fact_set": 1, "template": 2}}, {"model": "main.card", "pk": 3, "fields": {"fact_set": 2, "template": 1}}, {"model": "main.card", "pk": 4, "fields": {"fact_set": 2, "template": 2}}, {"model": "main.card", "pk": 5, "fields": {"fact_set": 3, "template": 1}}, {"model": "main.card", "pk": 6, "fields": {"fact_set": 3, "template": 2}}, {"model": "main.card", "pk": 7, "fields": {"fact_set": 4, "template": 1}}, {"model": "main.card", "pk": 8, "fields": {"fact_set": 4, "template": 2}}, {"model": "main.card", "pk": 9, "fields": {"fact_set": 5, "template": 1}}, {"model": "main.card", "pk": 10, "fields": {"fact_set": 5, "template": 2}}, {"model": "main.card", "pk": 11, "fields": {"fact_set": 6, "template": 1}}, {"model": "main.card", "pk": 12, "fields": {"fact_set": 6, "template": 2}}, {"model": "main.card", "pk": 13, "fields": {"fact_set": 7, "template": 1}}, {"model": "main.card", "pk": 14, "fields": {"fact_set": 7, "template": 2}}, {"model": "main.card", "pk": 15, "fields": {"fact_set": 8, "template": 3}}, {"model": "main.card", "pk": 16, "fields": {"fact_set": 8, "template": 4}}, {"model": "main.card", "pk": 17, "fields": {"fact_set": 8, "template": 5}}, {"model": "main.card", "pk": 18, "fields": {"fact_set": 9, "template": 3}}, {"model": "main.card", "pk": 19, "fields": {"fact_set": 9, "template": 4}}, {"model": "main.card", "pk": 20, "fields": {"fact_set": 9, "template": 5}}, {"model": "main.card", "pk": 21, "fields": {"fact_set": 10, "template": 3}}, {"model": "main.card", "pk": 22, "fields": {"fact_set": 10, "template": 4}}, {"model": "main.card", "pk": 23, "fields": {"fact_set": 10, "template": 5}}, {"model": "main.card", "pk": 24, "fields": {"fact_set": 11, "template": 3}}, {"model": "main.card", "pk": 25, "fields": {"fact_set": 11, "template": 4}}, {"model": "main.card", "pk": 26, "fields": {"fact_set": 11, "template": 5}}, {"model": "main.card", "pk": 27, "fields": {"fact_set": 12, "template": 3}}, {"model": "main.card", "pk": 28, "fields": {"fact_set": 12, "template": 4}}, {"model": "main.card", "pk": 29, "fields": {"fact_set": 12, "template": 5}}, {"model": "main.card", "pk": 30, "fields": {"fact_set": 13, "template": 3}}, {"model": "main.card", "pk": 31, "fields": {"fact_set": 13, "template": 4}}, {"model": "main.card", "pk": 32, "fields": {"fact_set": 13, "template": 5}}, {"model": "main.card", "pk": 33, "fields": {"fact_set": 14, "template": 3}}, {"model": "main.card", "pk": 34, "fields": {"fact_set": 14, "template": 4}}, {"model": "main.card", "pk": 35, "fields": {"fact_set": 14, "template": 5}}, {"model": "main.deck", "pk": 1, "fields": {"name": "Testing Deck", "cards": [1, 2, 3, 4, 5, 6, 7, 8, 9, 10, 11, 12, 13, 14, 15, 16, 17, 18, 19, 20, 21, 22, 23, 24, 25, 26, 27, 28, 29, 30, 31, 32, 33, 34, 35], "subdecks": []}}, {"model": "admin.logentry", "pk": 1, "fields": {"action_time": "2023-12-02T12:56:33.077Z", "user": 1, "content_type": 3, "object_id": "11", "object_repr": "FactSet 11", "action_flag": 2, "change_message": "[{\"changed\": {\"fields\": [\"Name\"]}}]"}}, {"model": "admin.logentry", "pk": 2, "fields": {"action_time": "2023-12-02T12:56:46.330Z", "user": 1, "content_type": 3, "object_id": "9", "object_repr": "FactSet 9", "action_flag": 2, "change_message": "[{\"changed\": {\"fields\": [\"Name\"]}}]"}}, {"model": "admin.logentry", "pk": 3, "fields": {"action_time": "2023-12-04T16:02:27.593Z", "user": 2, "content_type": 11, "object_id": "1", "object_repr": "FieldCollection 1", "action_flag": 2, "change_message": "[{\"changed\": {\"fields\": [\"Schema\"]}}, {\"changed\": {\"name\": \"fact set\", \"object\": \"FactSet \", \"fields\": [\"Facts\"]}}]"}}, {"model": "admin.logentry", "pk": 4, "fields": {"action_time": "2023-12-04T16:02:45.822Z", "user": 2, "content_type": 11, "object_id": "1", "object_repr": "FieldCollection 1", "action_flag": 2, "change_message": "[{\"added\": {\"name\": \"fact set\", \"object\": \"FactSet \"}}]"}}, {"model": "admin.logentry", "pk": 5, "fields": {"action_time": "2023-12-04T16:03:16.518Z", "user": 2, "content_type": 11, "object_id": "1", "object_repr": "FieldCollection 1", "action_flag": 2, "change_message": "[{\"deleted\": {\"name\": \"fact set\", \"object\": \"FactSet \"}}]"}}, {"model": "admin.logentry", "pk": 6, "fields": {"action_time": "2023-12-04T16:03:27.692Z", "user": 2, "content_type": 11, "object_id": "1", "object_repr": "FieldCollection 1", "action_flag": 2, "change_message": "[{\"changed\": {\"fields\": [\"Schema\"]}}]"}}, {"model": "admin.logentry", "pk": 7, "fields": {"action_time": "2023-12-04T16:16:50.876Z", "user": 2, "content_type": 11, "object_id": "1", "object_repr": "FieldCollection 1", "action_flag": 2, "change_message": "[{\"changed\": {\"name\": \"fact set\", \"object\": \"FactSet \", \"fields\": [\"Facts\"]}}]"}}, {"model": "admin.logentry", "pk": 8, "fields": {"action_time": "2023-12-04T16:20:33.433Z", "user": 2, "content_type": 11, "object_id": "1", "object_repr": "FieldCollection 1", "action_flag": 2, "change_message": "[{\"changed\": {\"fields\": [\"Schema\"]}}, {\"changed\": {\"name\": \"fact set\", \"object\": \"FactSet \", \"fields\": [\"Facts\"]}}, {\"changed\": {\"name\": \"fact set\", \"object\": \"FactSet \", \"fields\": [\"Facts\"]}}, {\"changed\": {\"name\": \"fact set\", \"object\": \"FactSet \", \"fields\": [\"Facts\"]}}, {\"changed\": {\"name\": \"fact set\", \"object\": \"FactSet \", \"fields\": [\"Facts\"]}}, {\"changed\": {\"name\": \"fact set\", \"object\": \"FactSet \", \"fields\": [\"Facts\"]}}, {\"changed\": {\"name\": \"fact set\", \"object\": \"FactSet \", \"fields\": [\"Facts\"]}}, {\"changed\": {\"name\": \"fact set\", \"object\": \"FactSet \", \"fields\": [\"Facts\"]}}, {\"changed\": {\"name\": \"fact set\", \"object\": \"FactSet \", \"fields\": [\"Facts\"]}}, {\"changed\": {\"name\": \"fact set\", \"object\": \"FactSet \", \"fields\": [\"Facts\"]}}, {\"changed\": {\"name\": \"fact set\", \"object\": \"FactSet \", \"fields\": [\"Facts\"]}}, {\"changed\": {\"name\": \"fact set\", \"object\": \"FactSet \", \"fields\": [\"Facts\"]}}, {\"changed\": {\"name\": \"fact set\", \"object\": \"FactSet \", \"fields\": [\"Facts\"]}}, {\"changed\": {\"name\": \"fact set\", \"object\": \"FactSet \", \"fields\": [\"Facts\"]}}, {\"changed\": {\"name\": \"fact set\", \"object\": \"FactSet \", \"fields\": [\"Facts\"]}}]"}}, {"model": "admin.logentry", "pk": 9, "fields": {"action_time": "2023-12-07T19:59:41.188Z", "user": 2, "content_type": 11, "object_id": "1", "object_repr": "FieldCollection 1", "action_flag": 2, "change_message": "[{\"changed\": {\"fields\": [\"Schema\"]}}, {\"changed\": {\"name\": \"fact set\", \"object\": \"FactSet testing\", \"fields\": [\"Facts\"]}}, {\"changed\": {\"name\": \"fact set\", \"object\": \"FactSet testing\", \"fields\": [\"Facts\"]}}, {\"changed\": {\"name\": \"fact set\", \"object\": \"FactSet testing\", \"fields\": [\"Facts\"]}}, {\"changed\": {\"name\": \"fact set\", \"object\": \"FactSet testing\", \"fields\": [\"Facts\"]}}, {\"changed\": {\"name\": \"fact set\", \"object\": \"FactSet testing\", \"fields\": [\"Facts\"]}}, {\"changed\": {\"name\": \"fact set\", \"object\": \"FactSet testing\", \"fields\": [\"Facts\"]}}, {\"changed\": {\"name\": \"fact set\", \"object\": \"FactSet testing\", \"fields\": [\"Facts\"]}}, {\"changed\": {\"name\": \"fact set\", \"object\": \"FactSet testing\", \"fields\": [\"Facts\"]}}, {\"changed\": {\"name\": \"fact set\", \"object\": \"FactSet testing\", \"fields\": [\"Facts\"]}}, {\"changed\": {\"name\": \"fact set\", \"object\": \"FactSet testing\", \"fields\": [\"Facts\"]}}, {\"changed\": {\"name\": \"fact set\", \"object\": \"FactSet testing\", \"fields\": [\"Facts\"]}}, {\"changed\": {\"name\": \"fact set\", \"object\": \"FactSet testing\", \"fields\": [\"Facts\"]}}, {\"changed\": {\"name\": \"fact set\", \"object\": \"FactSet testing\", \"fields\": [\"Facts\"]}}, {\"changed\": {\"name\": \"fact set\", \"object\": \"FactSet testing\", \"fields\": [\"Facts\"]}}]"}}, {"model": "admin.logentry", "pk": 10, "fields": {"action_time": "2023-12-07T20:00:29.633Z", "user": 2, "content_type": 11, "object_id": "1", "object_repr": "FieldCollection 1", "action_flag": 2, "change_message": "[{\"changed\": {\"name\": \"fact set\", \"object\": \"FactSet testing\", \"fields\": [\"Facts\"]}}, {\"changed\": {\"name\": \"fact set\", \"object\": \"FactSet testing\", \"fields\": [\"Facts\"]}}, {\"changed\": {\"name\": \"fact set\", \"object\": \"FactSet testing\", \"fields\": [\"Facts\"]}}]"}}, {"model": "admin.logentry", "pk": 11, "fields": {"action_time": "2023-12-07T20:00:56.585Z", "user": 2, "content_type": 11, "object_id": "1", "object_repr": "FieldCollection 1", "action_flag": 2, "change_message": "[{\"changed\": {\"name\": \"fact set\", \"object\": \"FactSet testing\", \"fields\": [\"Facts\"]}}, {\"changed\": {\"name\": \"fact set\", \"object\": \"FactSet testing\", \"fields\": [\"Facts\"]}}, {\"changed\": {\"name\": \"fact set\", \"object\": \"FactSet testing\", \"fields\": [\"Facts\"]}}, {\"changed\": {\"name\": \"fact set\", \"object\": \"FactSet testing\", \"fields\": [\"Facts\"]}}, {\"changed\": {\"name\": \"fact set\", \"object\": \"FactSet testing\", \"fields\": [\"Facts\"]}}, {\"changed\": {\"name\": \"fact set\", \"object\": \"FactSet testing\", \"fields\": [\"Facts\"]}}, {\"changed\": {\"name\": \"fact set\", \"object\": \"FactSet testing\", \"fields\": [\"Facts\"]}}, {\"changed\": {\"name\": \"fact set\", \"object\": \"FactSet testing\", \"fields\": [\"Facts\"]}}, {\"changed\": {\"name\": \"fact set\", \"object\": \"FactSet testing\", \"fields\": [\"Facts\"]}}, {\"changed\": {\"name\": \"fact set\", \"object\": \"FactSet testing\", \"fields\": [\"Facts\"]}}, {\"changed\": {\"name\": \"fact set\", \"object\": \"FactSet testing\", \"fields\": [\"Facts\"]}}]"}}, {"model": "auth.permission", "pk": 1, "fields": {"name": "Can add carton", "content_type": 1, "codename": "add_carton"}}, {"model": "auth.permission", "pk": 2, "fields": {"name": "Can change carton", "content_type": 1, "codename": "change_carton"}}, {"model": "auth.permission", "pk": 3, "fields": {"name": "Can delete carton", "content_type": 1, "codename": "delete_carton"}}, {"model": "auth.permission", "pk": 4, "fields": {"name": "Can view carton", "content_type": 1, "codename": "view_carton"}}, {"model": "auth.permission", "pk": 5, "fields": {"name": "Can add template", "content_type": 2, "codename": "add_template"}}, {"model": "auth.permission", "pk": 6, "fields": {"name": "Can change template", "content_type": 2, "codename": "change_template"}}, {"model": "auth.permission", "pk": 7, "fields": {"name": "Can delete template", "content_type": 2, "codename": "delete_template"}}, {"model": "auth.permission", "pk": 8, "fields": {"name": "Can view template", "content_type": 2, "codename": "view_template"}}, {"model": "auth.permission", "pk": 9, "fields": {"name": "Can add fact set", "content_type": 3, "codename": "add_factset"}}, {"model": "auth.permission", "pk": 10, "fields": {"name": "Can change fact set", "content_type": 3, "codename": "change_factset"}}, {"model": "auth.permission", "pk": 11, "fields": {"name": "Can delete fact set", "content_type": 3, "codename": "delete_factset"}}, {"model": "auth.permission", "pk": 12, "fields": {"name": "Can view fact set", "content_type": 3, "codename": "view_factset"}}, {"model": "auth.permission", "pk": 13, "fields": {"name": "Can add log entry", "content_type": 4, "codename": "add_logentry"}}, {"model": "auth.permission", "pk": 14, "fields": {"name": "Can change log entry", "content_type": 4, "codename": "change_logentry"}}, {"model": "auth.permission", "pk": 15, "fields": {"name": "Can delete log entry", "content_type": 4, "codename": "delete_logentry"}}, {"model": "auth.permission", "pk": 16, "fields": {"name": "Can view log entry", "content_type": 4, "codename": "view_logentry"}}, {"model": "auth.permission", "pk": 17, "fields": {"name": "Can add permission", "content_type": 5, "codename": "add_permission"}}, {"model": "auth.permission", "pk": 18, "fields": {"name": "Can change permission", "content_type": 5, "codename": "change_permission"}}, {"model": "auth.permission", "pk": 19, "fields": {"name": "Can delete permission", "content_type": 5, "codename": "delete_permission"}}, {"model": "auth.permission", "pk": 20, "fields": {"name": "Can view permission", "content_type": 5, "codename": "view_permission"}}, {"model": "auth.permission", "pk": 21, "fields": {"name": "Can add group", "content_type": 6, "codename": "add_group"}}, {"model": "auth.permission", "pk": 22, "fields": {"name": "Can change group", "content_type": 6, "codename": "change_group"}}, {"model": "auth.permission", "pk": 23, "fields": {"name": "Can delete group", "content_type": 6, "codename": "delete_group"}}, {"model": "auth.permission", "pk": 24, "fields": {"name": "Can view group", "content_type": 6, "codename": "view_group"}}, {"model": "auth.permission", "pk": 25, "fields": {"name": "Can add user", "content_type": 7, "codename": "add_user"}}, {"model": "auth.permission", "pk": 26, "fields": {"name": "Can change user", "content_type": 7, "codename": "change_user"}}, {"model": "auth.permission", "pk": 27, "fields": {"name": "Can delete user", "content_type": 7, "codename": "delete_user"}}, {"model": "auth.permission", "pk": 28, "fields": {"name": "Can view user", "content_type": 7, "codename": "view_user"}}, {"model": "auth.permission", "pk": 29, "fields": {"name": "Can add content type", "content_type": 8, "codename": "add_contenttype"}}, {"model": "auth.permission", "pk": 30, "fields": {"name": "Can change content type", "content_type": 8, "codename": "change_contenttype"}}, {"model": "auth.permission", "pk": 31, "fields": {"name": "Can delete content type", "content_type": 8, "codename": "delete_contenttype"}}, {"model": "auth.permission", "pk": 32, "fields": {"name": "Can view content type", "content_type": 8, "codename": "view_contenttype"}}, {"model": "auth.permission", "pk": 33, "fields": {"name": "Can add session", "content_type": 9, "codename": "add_session"}}, {"model": "auth.permission", "pk": 34, "fields": {"name": "Can change session", "content_type": 9, "codename": "change_session"}}, {"model": "auth.permission", "pk": 35, "fields": {"name": "Can delete session", "content_type": 9, "codename": "delete_session"}}, {"model": "auth.permission", "pk": 36, "fields": {"name": "Can view session", "content_type": 9, "codename": "view_session"}}, {"model": "auth.permission", "pk": 37, "fields": {"name": "Can add field collection", "content_type": 10, "codename": "add_fieldcollection"}}, {"model": "auth.permission", "pk": 38, "fields": {"name": "Can change field collection", "content_type": 10, "codename": "change_fieldcollection"}}, {"model": "auth.permission", "pk": 39, "fields": {"name": "Can delete field collection", "content_type": 10, "codename": "delete_fieldcollection"}}, {"model": "auth.permission", "pk": 40, "fields": {"name": "Can view field collection", "content_type": 10, "codename": "view_fieldcollection"}}, {"model": "auth.permission", "pk": 41, "fields": {"name": "Can add fact set schema", "content_type": 11, "codename": "add_factsetschema"}}, {"model": "auth.permission", "pk": 42, "fields": {"name": "Can change fact set schema", "content_type": 11, "codename": "change_factsetschema"}}, {"model": "auth.permission", "pk": 43, "fields": {"name": "Can delete fact set schema", "content_type": 11, "codename": "delete_factsetschema"}}, {"model": "auth.permission", "pk": 44, "fields": {"name": "Can view fact set schema", "content_type": 11, "codename": "view_factsetschema"}}, {"model": "auth.permission", "pk": 45, "fields": {"name": "Can add card", "content_type": 1, "codename": "add_card"}}, {"model": "auth.permission", "pk": 46, "fields": {"name": "Can change card", "content_type": 1, "codename": "change_card"}}, {"model": "auth.permission", "pk": 47, "fields": {"name": "Can delete card", "content_type": 1, "codename": "delete_card"}}, {"model": "auth.permission", "pk": 48, "fields": {"name": "Can view card", "content_type": 1, "codename": "view_card"}}, {"model": "auth.permission", "pk": 49, "fields": {"name": "Can add deck", "content_type": 12, "codename": "add_deck"}}, {"model": "auth.permission", "pk": 50, "fields": {"name": "Can change deck", "content_type": 12, "codename": "change_deck"}}, {"model": "auth.permission", "pk": 51, "fields": {"name": "Can delete deck", "content_type": 12, "codename": "delete_deck"}}, {"model": "auth.permission", "pk": 52, "fields": {"name": "Can view deck", "content_type": 12, "codename": "view_deck"}}, {"model": "auth.user", "pk": 1, "fields": {"password": "pbkdf2_sha256$600000$3peo3LEHhADdmWTIp3pjmD$xPczeCxkbv67k/W6QmF6Zq1I9vBlvbvvrc1Rk4GIr7Q=", "last_login": "2023-12-02T01:51:36.419Z", "is_superuser": true, "username": "adminjonathan", "first_name": "", "last_name": "", "email": "campbell.nilsen@gmail.com", "is_staff": true, "is_active": true, "date_joined": "2023-12-02T01:50:11.195Z", "groups": [], "user_permissions": []}}, {"model": "auth.user", "pk": 2, "fields": {"password": "pbkdf2_sha256$600000$N0mVUuP0yixHDr2GWJ5WXD$mQhHfk+jndbB/fdn1OsvhmYLv9qy9GQd1x454u3qBjQ=", "last_login": "2023-12-04T15:14:39.086Z", "is_superuser": true, "username": "b", "first_name": "", "last_name": "", "email": "b@b.com", "is_staff": true, "is_active": true, "date_joined": "2023-12-04T15:14:26.422Z", "groups": [], "user_permissions": []}}, {"model": "contenttypes.contenttype", "pk": 1, "fields": {"app_label": "main", "model": "card"}}, {"model": "contenttypes.contenttype", "pk": 2, "fields": {"app_label": "main", "model": "template"}}, {"model": "contenttypes.contenttype", "pk": 3, "fields": {"app_label": "main", "model": "factset"}}, {"model": "contenttypes.contenttype", "pk": 4, "fields": {"app_label": "admin", "model": "logentry"}}, {"model": "contenttypes.contenttype", "pk": 5, "fields": {"app_label": "auth", "model": "permission"}}, {"model": "contenttypes.contenttype", "pk": 6, "fields": {"app_label": "auth", "model": "group"}}, {"model": "contenttypes.contenttype", "pk": 7, "fields": {"app_label": "auth", "model": "user"}}, {"model": "contenttypes.contenttype", "pk": 8, "fields": {"app_label": "contenttypes", "model": "contenttype"}}, {"model": "contenttypes.contenttype", "pk": 9, "fields": {"app_label": "sessions", "model": "session"}}, {"model": "contenttypes.contenttype", "pk": 10, "fields": {"app_label": "main", "model": "fieldcollection"}}, {"model": "contenttypes.contenttype", "pk": 11, "fields": {"app_label": "main", "model": "factsetschema"}}, {"model": "contenttypes.contenttype", "pk": 12, "fields": {"app_label": "main", "model": "deck"}}, {"model": "sessions.session", "pk": "c0vpm5vmt367zs5m41bwguic5hpo76sz", "fields": {"session_data": ".eJxVjEsOwjAMBe-SNYocJwoNS_acobJjhxZQIvWzqrg7VOoCtm9m3mZ6WpehX2ed-lHMxaA5_W5M-al1B_Kgem82t7pMI9tdsQed7a2Jvq6H-3cw0Dx8a-8Dli4zRdauEEsIZ3CBVZMUBymjcheRJCXvC0IAQEcxKmQXBdS8P_p-OBo:1rAAed:jJiVJ7GNhOe5TIWrwDrLClv5DLnd8xo3iGvUjN7HlF0", "expire_date": "2023-12-18T15:14:39.088Z"}}, {"model": "sessions.session", "pk": "ermg26snzffp6yxe6akn07vkfplpi4iz", "fields": {"session_data": ".eJxVjEEOwiAQRe_C2hBBBqhL9z0DmWGmUjU0Ke3KeHfbpAvd_vf-e6uE61LS2mROI6urMur0uxHmp9Qd8APrfdJ5qss8kt4VfdCm-4nldTvcv0DBVrZ3h9ll4sBgg7GAFJGBQsShM96CeDlfgLeeIFkPGGNgj45JMpPzg_p8AQlTOU4:1r9FAO:RTg3iLGfHa9AazXt3rXVCD8KYY48TzP_u38YhIj-O0s", "expire_date": "2023-12-16T01:51:36.423Z"}}]